Year,Term,Course,
2008,summer,CSC100,
2008,summer,CSC105,
2008,summer,CSC110,
2008,summer,CSC115,
2008,summer,CSC167,
2008,summer,CSC225,
2008,summer,CSC230,
2008,summer,CSC305,
2008,summer,CSC320,
2008,summer,CSC360,
2008,summer,CSC370,
2008,summer,CSC450,
2008,summer,CSC485A,
2008,summer,CSC485B,
2008,summer,CSC485C,
2008,summer,CSC485D,
2008,summer,CSC581A,
2008,summer,CSC586B,
2008,summer,CSC586C,
2008,summer,CSC586D,
2008,summer,CSC586E,
2008,summer,CSC598,
2008,summer,CSC599,
2008,summer,CSC699,
2008,summer,SENG265,
2008,summer,SENG271,
2008,summer,SENG310,
2008,summer,SENG321,
2008,summer,SENG330,
2008,summer,SENG401,
2008,summer,SENG422,
2008,summer,SENG426,
2008,summer,SENG440,
2008,summer,SENG480C,
2008,summer,SENG480D,
2008,summer,SENG499,
2008,fall,CSC100,
2008,fall,CSC105,
2008,fall,CSC110,
2008,fall,CSC111,
2008,fall,CSC115,
2008,fall,CSC167,
2008,fall,CSC212,
2008,fall,CSC225,
2008,fall,CSC230,
2008,fall,CSC242,
2008,fall,CSC305,
2008,fall,CSC320,
2008,fall,CSC330,
2008,fall,CSC340,
2008,fall,CSC349A,
2008,fall,CSC355,
2008,fall,CSC360,
2008,fall,CSC361,
2008,fall,CSC370,
2008,fall,CSC375,
2008,fall,CSC425,
2008,fall,CSC428,
2008,fall,CSC435,
2008,fall,CSC446,
2008,fall,CSC449,
2008,fall,CSC460,
2008,fall,CSC482A,
2008,fall,CSC484A,
2008,fall,CSC485A,
2008,fall,CSC485C,
2008,fall,CSC485E,
2008,fall,CSC520,
2008,fall,CSC540,
2008,fall,CSC546,
2008,fall,CSC560,
2008,fall,CSC571,
2008,fall,CSC578A,
2008,fall,CSC582A,
2008,fall,CSC583A,
2008,fall,CSC586C,
2008,fall,CSC589A,
2008,fall,CSC589B,
2008,fall,CSC595,
2008,fall,SENG265,
2008,fall,SENG330,
2008,fall,SENG360,
2008,fall,SENG371,
2008,fall,SENG450,
2008,fall,SENG480A,
2008,fall,SENG480C,
2009,spring,CSC100,
2009,spring,CSC105,
2009,spring,CSC110,
2009,spring,CSC115,
2009,spring,CSC212,
2009,spring,CSC225,
2009,spring,CSC230,
2009,spring,CSC320,
2009,spring,CSC326,
2009,spring,CSC330,
2009,spring,CSC340,
2009,spring,CSC349A,
2009,spring,CSC350,
2009,spring,CSC355,
2009,spring,CSC360,
2009,spring,CSC361,
2009,spring,CSC370,
2009,spring,CSC421,
2009,spring,CSC426,
2009,spring,CSC429,
2009,spring,CSC454,
2009,spring,CSC461,
2009,spring,CSC462,
2009,spring,CSC464,
2009,spring,CSC466,
2009,spring,CSC467,
2009,spring,CSC482B,
2009,spring,CSC485B,
2009,spring,CSC499,
2009,spring,CSC526,
2009,spring,CSC554,
2009,spring,CSC561,
2009,spring,CSC562,
2009,spring,CSC578B,
2009,spring,CSC578C,
2009,spring,CSC582B,
2009,spring,CSC582D,
2009,spring,CSC586A,
2009,spring,CSC586B,
2009,spring,CSC586E,
2009,spring,CSC595,
2009,spring,SENG265,
2009,spring,SENG310,
2009,spring,SENG321,
2009,spring,SENG380,
2009,spring,SENG401,
2009,spring,SENG426,
2009,spring,SENG462,
2009,spring,SENG466,
2009,spring,SENG474,
2009,spring,SENG499,
2009,summer,CSC100,
2009,summer,CSC105,
2009,summer,CSC110,
2009,summer,CSC115,
2009,summer,CSC167,
2009,summer,CSC225,
2009,summer,CSC230,
2009,summer,CSC305,
2009,summer,CSC320,
2009,summer,CSC360,
2009,summer,CSC445,
2009,summer,CSC460,
2009,summer,CSC471,
2009,summer,CSC545,
2009,summer,CSC560,
2009,summer,CSC578A,
2009,summer,CSC582A,
2009,summer,CSC586A,
2009,summer,CSC598,
2009,summer,CSC599,
2009,summer,CSC699,
2009,summer,SENG265,
2009,summer,SENG271,
2009,summer,SENG310,
2009,summer,SENG321,
2009,summer,SENG401,
2009,summer,SENG422,
2009,summer,SENG426,
2009,summer,SENG440,
2009,summer,SENG499,
2009,fall,CSC100,
2009,fall,CSC105,
2009,fall,CSC110,
2009,fall,CSC111,
2009,fall,CSC115,
2009,fall,CSC167,
2009,fall,CSC212,
2009,fall,CSC225,
2009,fall,CSC230,
2009,fall,CSC242,
2009,fall,CSC305,
2009,fall,CSC320,
2009,fall,CSC322,
2009,fall,CSC330,
2009,fall,CSC340,
2009,fall,CSC349A,
2009,fall,CSC355,
2009,fall,CSC360,
2009,fall,CSC361,
2009,fall,CSC370,
2009,fall,CSC375,
2009,fall,CSC429,
2009,fall,CSC435,
2009,fall,CSC446,
2009,fall,CSC462,
2009,fall,CSC475,
2009,fall,CSC523,
2009,fall,CSC528,
2009,fall,CSC546,
2009,fall,CSC551,
2009,fall,CSC562,
2009,fall,CSC571,
2009,fall,CSC595,
2009,fall,CSC598,
2009,fall,CSC599,
2009,fall,CSC699,
2009,fall,SENG265,
2009,fall,SENG330,
2009,fall,SENG360,
2009,fall,SENG435,
2009,fall,SENG450,
2009,fall,SENG460,
2009,fall,SENG461,
2009,fall,SENG480A,
2009,fall,SENG499,
2010,spring,CSC100,
2010,spring,CSC105,
2010,spring,CSC110,
2010,spring,CSC115,
2010,spring,CSC205,
2010,spring,CSC212,
2010,spring,CSC225,
2010,spring,CSC230,
2010,spring,CSC320,
2010,spring,CSC326,
2010,spring,CSC330,
2010,spring,CSC340,
2010,spring,CSC349A,
2010,spring,CSC350,
2010,spring,CSC355,
2010,spring,CSC360,
2010,spring,CSC361,
2010,spring,CSC370,
2010,spring,CSC421,
2010,spring,CSC428,
2010,spring,CSC454,
2010,spring,CSC463,
2010,spring,CSC464,
2010,spring,CSC466,
2010,spring,CSC472,
2010,spring,CSC499,
2010,spring,CSC511,
2010,spring,CSC554,
2010,spring,CSC595,
2010,spring,CSC598,
2010,spring,CSC599,
2010,spring,CSC699,
2010,spring,SENG265,
2010,spring,SENG310,
2010,spring,SENG321,
2010,spring,SENG371,
2010,spring,SENG380,
2010,spring,SENG401,
2010,spring,SENG410,
2010,spring,SENG462,
2010,spring,SENG466,
2010,spring,SENG474,
2010,spring,SENG499,
2010,summer,CSC100,
2010,summer,CSC110,
2010,summer,CSC115,
2010,summer,CSC225,
2010,summer,CSC230,
2010,summer,CSC305,
2010,summer,CSC320,
2010,summer,CSC360,
2010,summer,CSC460,
2010,summer,CSC471,
2010,summer,CSC522,
2010,summer,CSC560,
2010,summer,CSC599,
2010,summer,CSC699,
2010,summer,SENG265,
2010,summer,SENG271,
2010,summer,SENG310,
2010,summer,SENG321,
2010,summer,SENG401,
2010,summer,SENG422,
2010,summer,SENG426,
2010,summer,SENG440,
2010,summer,SENG499,
2010,fall,CSC100,
2010,fall,CSC105,
2010,fall,CSC106,
2010,fall,CSC110,
2010,fall,CSC111,
2010,fall,CSC115,
2010,fall,CSC167,
2010,fall,CSC205,
2010,fall,CSC225,
2010,fall,CSC230,
2010,fall,CSC242,
2010,fall,CSC305,
2010,fall,CSC320,
2010,fall,CSC326,
2010,fall,CSC330,
2010,fall,CSC340,
2010,fall,CSC349A,
2010,fall,CSC355,
2010,fall,CSC360,
2010,fall,CSC361,
2010,fall,CSC370,
2010,fall,CSC375,
2010,fall,CSC421,
2010,fall,CSC426,
2010,fall,CSC429,
2010,fall,CSC435,
2010,fall,CSC446,
2010,fall,CSC473,
2010,fall,CSC526,
2010,fall,CSC529,
2010,fall,CSC535,
2010,fall,CSC546,
2010,fall,CSC595,
2010,fall,CSC598,
2010,fall,CSC693,
2010,fall,SENG265,
2010,fall,SENG330,
2010,fall,SENG360,
2010,fall,SENG435,
2010,fall,SENG450,
2010,fall,SENG460,
2010,fall,SENG461,
2011,spring,CSC100,
2011,spring,CSC105,
2011,spring,CSC106,
2011,spring,CSC110,
2011,spring,CSC115,
2011,spring,CSC167,
2011,spring,CSC225,
2011,spring,CSC230,
2011,spring,CSC320,
2011,spring,CSC322,
2011,spring,CSC330,
2011,spring,CSC340,
2011,spring,CSC349A,
2011,spring,CSC350,
2011,spring,CSC355,
2011,spring,CSC360,
2011,spring,CSC361,
2011,spring,CSC370,
2011,spring,CSC425,
2011,spring,CSC428,
2011,spring,CSC449,
2011,spring,CSC454,
2011,spring,CSC461,
2011,spring,CSC466,
2011,spring,CSC467,
2011,spring,CSC482B,
2011,spring,CSC520,
2011,spring,CSC525,
2011,spring,CSC540,
2011,spring,CSC554,
2011,spring,CSC561,
2011,spring,CSC567,
2011,spring,CSC579,
2011,spring,CSC595,
2011,spring,CSC598,
2011,spring,CSC693,
2011,spring,SENG265,
2011,spring,SENG310,
2011,spring,SENG321,
2011,spring,SENG371,
2011,spring,SENG380,
2011,spring,SENG401,
2011,spring,SENG462,
2011,spring,SENG466,
2011,spring,SENG474,
2011,spring,SENG499,
2011,summer,CSC110,
2011,summer,CSC115,
2011,summer,CSC225,
2011,summer,CSC230,
2011,summer,CSC305,
2011,summer,CSC320,
2011,summer,CSC360,
2011,summer,CSC426,
2011,summer,CSC526,
2011,summer,CSC598,
2011,summer,CSC599,
2011,summer,CSC693,
2011,summer,CSC699,
2011,summer,SENG130,
2011,summer,SENG265,
2011,summer,SENG271,
2011,summer,SENG310,
2011,summer,SENG321,
2011,summer,SENG411,
2011,summer,SENG422,
2011,summer,SENG426,
2011,summer,SENG440,
2011,summer,SENG499,
2011,fall,CSC100,
2011,fall,CSC105,
2011,fall,CSC106,
2011,fall,CSC110,
2011,fall,CSC111,
2011,fall,CSC115,
2011,fall,CSC167,
2011,fall,CSC205,
2011,fall,CSC225,
2011,fall,CSC230,
2011,fall,CSC320,
2011,fall,CSC326,
2011,fall,CSC330,
2011,fall,CSC340,
2011,fall,CSC349A,
2011,fall,CSC355,
2011,fall,CSC360,
2011,fall,CSC361,
2011,fall,CSC370,
2011,fall,CSC375,
2011,fall,CSC421,
2011,fall,CSC429,
2011,fall,CSC445,
2011,fall,CSC446,
2011,fall,CSC472,
2011,fall,CSC475,
2011,fall,CSC484A,
2011,fall,CSC528,
2011,fall,CSC529,
2011,fall,CSC545,
2011,fall,CSC546,
2011,fall,CSC571,
2011,fall,CSC575,
2011,fall,CSC595,
2011,fall,CSC598,
2011,fall,CSC599,
2011,fall,CSC693,
2011,fall,CSC699,
2011,fall,SENG130,
2011,fall,SENG265,
2011,fall,SENG330,
2011,fall,SENG360,
2011,fall,SENG435,
2011,fall,SENG460,
2012,spring,CSC100,
2012,spring,CSC105,
2012,spring,CSC106,
2012,spring,CSC110,
2012,spring,CSC115,
2012,spring,CSC167,
2012,spring,CSC225,
2012,spring,CSC230,
2012,spring,CSC305,
2012,spring,CSC320,
2012,spring,CSC322,
2012,spring,CSC330,
2012,spring,CSC340,
2012,spring,CSC349A,
2012,spring,CSC350,
2012,spring,CSC355,
2012,spring,CSC360,
2012,spring,CSC370,
2012,spring,CSC423,
2012,spring,CSC454,
2012,spring,CSC463,
2012,spring,CSC464,
2012,spring,CSC467,
2012,spring,CSC471,
2012,spring,CSC490,
2012,spring,CSC523,
2012,spring,CSC524,
2012,spring,CSC554,
2012,spring,CSC564,
2012,spring,CSC567,
2012,spring,CSC569,
2012,spring,CSC595,
2012,spring,CSC598,
2012,spring,CSC599,
2012,spring,CSC693,
2012,spring,CSC699,
2012,spring,SENG265,
2012,spring,SENG310,
2012,spring,SENG321,
2012,spring,SENG371,
2012,spring,SENG380,
2012,spring,SENG401,
2012,spring,SENG410,
2012,spring,SENG461,
2012,spring,SENG462,
2012,spring,SENG466,
2012,spring,SENG474,
2012,spring,SENG499,
2012,summer,CSC110,
2012,summer,CSC115,
2012,summer,CSC225,
2012,summer,CSC230,
2012,summer,CSC320,
2012,summer,CSC360,
2012,summer,CSC370,
2012,summer,CSC599,
2012,summer,CSC693,
2012,summer,CSC699,
2012,fall,CSC100,
2012,fall,CSC105,
2012,fall,CSC106,
2012,fall,CSC110,
2012,fall,CSC111,
2012,fall,CSC115,
2012,fall,CSC130,
2012,fall,CSC167,
2012,fall,CSC205,
2012,fall,CSC225,
2012,fall,CSC230,
2012,fall,CSC320,
2012,fall,CSC326,
2012,fall,CSC349A,
2012,fall,CSC355,
2012,fall,CSC360,
2012,fall,CSC361,
2012,fall,CSC370,
2012,fall,CSC371,
2012,fall,CSC375,
2012,fall,CSC426,
2012,fall,CSC429,
2012,fall,CSC435,
2012,fall,CSC445,
2012,fall,CSC446,
2012,fall,CSC462,
2012,fall,CSC473,
2012,fall,CSC526,
2012,fall,CSC529,
2012,fall,CSC535,
2012,fall,CSC545,
2012,fall,CSC546,
2012,fall,CSC562,
2012,fall,CSC595,
2012,fall,CSC598,
2012,fall,CSC599,
2012,fall,CSC693,
2012,fall,CSC699,
2012,fall,SENG265,
2012,fall,SENG330,
2012,fall,SENG360,
2012,fall,SENG435,
2013,spring,CSC100,
2013,spring,CSC105,
2013,spring,CSC106,
2013,spring,CSC110,
2013,spring,CSC111,
2013,spring,CSC115,
2013,spring,CSC225,
2013,spring,CSC230,
2013,spring,CSC305,
2013,spring,CSC320,
2013,spring,CSC330,
2013,spring,CSC349A,
2013,spring,CSC350,
2013,spring,CSC360,
2013,spring,CSC370,
2013,spring,CSC421,
2013,spring,CSC425,
2013,spring,CSC428,
2013,spring,CSC454,
2013,spring,CSC461,
2013,spring,CSC466,
2013,spring,CSC467,
2013,spring,CSC471,
2013,spring,CSC520,
2013,spring,CSC525,
2013,spring,CSC554,
2013,spring,CSC561,
2013,spring,CSC567,
2013,spring,CSC579,
2013,spring,CSC595,
2013,spring,CSC598,
2013,spring,CSC599,
2013,spring,CSC693,
2013,spring,CSC699,
2013,spring,SENG265,
2013,spring,SENG310,
2013,spring,SENG321,
2013,spring,SENG371,
2013,spring,SENG380,
2013,spring,SENG401,
2013,spring,SENG460,
2013,spring,SENG462,
2013,spring,SENG466,
2013,spring,SENG474,
2013,spring,SENG499,
2013,summer,CSC110,
2013,summer,CSC115,
2013,summer,CSC225,
2013,summer,CSC230,
2013,summer,CSC320,
2013,summer,CSC360,
2013,summer,CSC361,
2013,summer,CSC370,
2013,summer,CSC460,
2013,summer,CSC560,
2013,summer,SENG265,
2013,summer,SENG271,
2013,summer,SENG310,
2013,summer,SENG422,
2013,summer,SENG426,
2013,summer,SENG440,
2013,summer,SENG499,
2013,fall,CSC100,
2013,fall,CSC105,
2013,fall,CSC106,
2013,fall,CSC110,
2013,fall,CSC111,
2013,fall,CSC115,
2013,fall,CSC116,
2013,fall,CSC130,
2013,fall,CSC167,
2013,fall,CSC225,
2013,fall,CSC230,
2013,fall,CSC305,
2013,fall,CSC320,
2013,fall,CSC326,
2013,fall,CSC330,
2013,fall,CSC349A,
2013,fall,CSC355,
2013,fall,CSC360,
2013,fall,CSC361,
2013,fall,CSC370,
2013,fall,CSC371,
2013,fall,CSC375,
2013,fall,CSC423,
2013,fall,CSC426,
2013,fall,CSC429,
2013,fall,CSC446,
2013,fall,CSC466,
2013,fall,CSC472,
2013,fall,CSC497,
2013,fall,CSC523,
2013,fall,CSC526,
2013,fall,CSC529,
2013,fall,CSC546,
2013,fall,CSC579,
2013,fall,CSC595,
2013,fall,CSC598,
2013,fall,CSC599,
2013,fall,CSC693,
2013,fall,CSC699,
2013,fall,SENG265,
2013,fall,SENG360,
2013,fall,SENG399,
2014,spring,CSC100,
2014,spring,CSC105,
2014,spring,CSC106,
2014,spring,CSC110,
2014,spring,CSC111,
2014,spring,CSC115,
2014,spring,CSC225,
2014,spring,CSC230,
2014,spring,CSC305,
2014,spring,CSC320,
2014,spring,CSC322,
2014,spring,CSC330,
2014,spring,CSC349A,
2014,spring,CSC350,
2014,spring,CSC360,
2014,spring,CSC370,
2014,spring,CSC421,
2014,spring,CSC425,
2014,spring,CSC428A,
2014,spring,CSC454,
2014,spring,CSC461,
2014,spring,CSC463,
2014,spring,CSC464,
2014,spring,CSC471,
2014,spring,CSC475,
2014,spring,CSC520,
2014,spring,CSC528,
2014,spring,CSC554,
2014,spring,CSC561,
2014,spring,CSC564,
2014,spring,CSC569,
2014,spring,CSC575,
2014,spring,CSC595,
2014,spring,CSC598,
2014,spring,CSC599,
2014,spring,CSC693,
2014,spring,CSC699,
2014,spring,SENG265,
2014,spring,SENG310,
2014,spring,SENG321,
2014,spring,SENG371,
2014,spring,SENG401,
2014,spring,SENG411,
2014,spring,SENG421,
2014,spring,SENG435,
2014,spring,SENG460,
2014,spring,SENG462,
2014,spring,SENG474,
2014,spring,SENG499,
2014,summer,CSC110,
2014,summer,CSC115,
2014,summer,CSC225,
2014,summer,CSC230,
2014,summer,CSC320,
2014,summer,CSC360,
2014,summer,CSC361,
2014,summer,CSC370,
2014,summer,CSC435,
2014,summer,CSC535,
2014,summer,CSC597,
2014,summer,CSC598,
2014,summer,SENG265,
2014,summer,SENG299,
2014,summer,SENG310,
2014,summer,SENG422,
2014,summer,SENG426,
2014,summer,SENG440,
2014,summer,SENG499,
2014,fall,CSC100,
2014,fall,CSC105,
2014,fall,CSC106,
2014,fall,CSC110,
2014,fall,CSC111,
2014,fall,CSC115,
2014,fall,CSC116,
2014,fall,CSC130,
2014,fall,CSC167,
2014,fall,CSC205,
2014,fall,CSC225,
2014,fall,CSC226,
2014,fall,CSC230,
2014,fall,CSC305,
2014,fall,CSC320,
2014,fall,CSC322,
2014,fall,CSC330,
2014,fall,CSC349A,
2014,fall,CSC355,
2014,fall,CSC360,
2014,fall,CSC361,
2014,fall,CSC370,
2014,fall,CSC371,
2014,fall,CSC375,
2014,fall,CSC422,
2014,fall,CSC426,
2014,fall,CSC429,
2014,fall,CSC445,
2014,fall,CSC467,
2014,fall,CSC473,
2014,fall,CSC522,
2014,fall,CSC526,
2014,fall,CSC529,
2014,fall,CSC545,
2014,fall,CSC567,
2014,fall,CSC595,
2014,fall,CSC597,
2014,fall,CSC598,
2014,fall,SENG265,
2014,fall,SENG360,
2014,fall,SENG399,
2014,fall,SENG435,
2015,spring,CSC100,
2015,spring,CSC105,
2015,spring,CSC106,
2015,spring,CSC110,
2015,spring,CSC111,
2015,spring,CSC115,
2015,spring,CSC226,
2015,spring,CSC230,
2015,spring,CSC305,
2015,spring,CSC320,
2015,spring,CSC330,
2015,spring,CSC349A,
2015,spring,CSC350,
2015,spring,CSC360,
2015,spring,CSC370,
2015,spring,CSC421,
2015,spring,CSC425,
2015,spring,CSC446,
2015,spring,CSC460,
2015,spring,CSC461,
2015,spring,CSC462,
2015,spring,CSC466,
2015,spring,CSC475,
2015,spring,CSC511,
2015,spring,CSC520,
2015,spring,CSC546,
2015,spring,CSC560,
2015,spring,CSC561,
2015,spring,CSC562,
2015,spring,CSC575,
2015,spring,CSC579,
2015,spring,CSC595,
2015,spring,CSC597,
2015,spring,CSC598,
2015,spring,SENG265,
2015,spring,SENG310,
2015,spring,SENG321,
2015,spring,SENG371,
2015,spring,SENG401,
2015,spring,SENG460,
2015,spring,SENG462,
2015,spring,SENG474,
2015,summer,CSC106,
2015,summer,CSC110,
2015,summer,CSC115,
2015,summer,CSC225,
2015,summer,CSC230,
2015,summer,CSC320,
2015,summer,CSC360,
2015,summer,CSC370,
2015,summer,CSC426,
2015,summer,CSC429,
2015,summer,CSC466,
2015,summer,CSC526,
2015,summer,CSC529,
2015,summer,CSC579,
2015,summer,CSC597,
2015,summer,CSC598,
2015,summer,SENG265,
2015,summer,SENG299,
2015,summer,SENG310,
2015,summer,SENG422,
2015,summer,SENG426,
2015,summer,SENG440,
2015,summer,SENG499,
2015,fall,SENG265,
2015,fall,SENG330,
2015,fall,SENG360,
2015,fall,SENG399,
2015,fall,SENG435,
2016,spring,SENG265,
2016,spring,SENG310,
2016,spring,SENG321,
2016,spring,SENG371,
2016,spring,SENG401,
2016,spring,SENG460,
2016,spring,SENG462,
2016,spring,SENG474,
2016,summer,CSC106,
2016,summer,CSC110,
2016,summer,CSC115,
2016,summer,CSC225,
2016,summer,CSC226,
2016,summer,CSC230,
2016,summer,CSC305,
2016,summer,CSC320,
2016,summer,CSC322,
2016,summer,CSC360,
2016,summer,CSC361,
2016,summer,CSC370,
2016,summer,CSC462,
2016,summer,CSC490,
2016,summer,CSC562,
2016,summer,CSC591,
2016,summer,CSC597,
2016,summer,CSC598,
2016,summer,SENG265,
2016,summer,SENG299,
2016,summer,SENG310,
2016,summer,SENG422,
2016,summer,SENG426,
2016,summer,SENG440,
2016,summer,SENG499,
2016,fall,CSC100,
2016,fall,CSC101,
2016,fall,CSC105,
2016,fall,CSC106,
2016,fall,CSC110,
2016,fall,CSC111,
2016,fall,CSC115,
2016,fall,CSC116,
2016,fall,CSC225,
2016,fall,CSC226,
2016,fall,CSC230,
2016,fall,CSC320,
2016,fall,CSC330,
2016,fall,CSC349A,
2016,fall,CSC355,
2016,fall,CSC360,
2016,fall,CSC370,
2016,fall,CSC375,
2016,fall,CSC421,
2016,fall,CSC425,
2016,fall,CSC445,
2016,fall,CSC446,
2016,fall,CSC520,
2016,fall,CSC545,
2016,fall,CSC546,
2016,fall,CSC597,
2016,fall,CSC598,
2017,spring,CSC100,
2017,spring,CSC101,
2017,spring,CSC105,
2017,spring,CSC106,
2017,spring,CSC110,
2017,spring,CSC111,
2017,spring,CSC115,
2017,spring,CSC130,
2017,spring,CSC205,
2017,spring,CSC225,
2017,spring,CSC226,
2017,spring,CSC230,
2017,spring,CSC305,
2017,spring,CSC320,
2017,spring,CSC330,
2017,spring,CSC349A,
2017,spring,CSC360,
2017,spring,CSC361,
2017,spring,CSC370,
2017,spring,CSC371,
2017,spring,CSC429,
2017,spring,CSC460,
2017,spring,CSC466,
2017,spring,CSC467,
2017,spring,CSC472,
2017,spring,CSC475,
2017,spring,CSC529,
2017,spring,CSC552,
2017,spring,CSC560,
2017,spring,CSC567,
2017,spring,CSC575,
2017,spring,CSC579,
2017,spring,CSC595,
2017,spring,CSC597,
2017,spring,CSC598,
2017,spring,SENG265,
2017,spring,SENG310,
2017,spring,SENG321,
2017,spring,SENG371,
2017,spring,SENG401,
2017,spring,SENG460,
2017,spring,SENG462,
2017,spring,SENG474,
2017,summer,CSC106,
2017,summer,CSC110,
2017,summer,CSC115,
2017,summer,CSC225,
2017,summer,CSC226,
2017,summer,CSC230,
2017,summer,CSC305,
2017,summer,CSC320,
2017,summer,CSC360,
2017,summer,CSC370,
2017,summer,CSC422,
2017,summer,CSC522,
2017,summer,CSC571,
2017,summer,CSC581A,
2017,summer,CSC597,
2017,summer,CSC598,
2017,summer,SENG265,
2017,summer,SENG299,
2017,summer,SENG310,
2017,summer,SENG426,
2017,summer,SENG440,
2017,summer,SENG499,
2018,fall,SENG265,
2018,fall,SENG321,
2018,fall,SENG330,
2018,fall,SENG350,
2018,fall,SENG360,
2018,fall,SENG474,
2019,spring,CSC105,
2019,spring,CSC106,
2019,spring,CSC110,
2019,spring,CSC111,
2019,spring,CSC115,
2019,spring,CSC225,
2019,spring,CSC226,
2019,spring,CSC230,
2019,spring,CSC305,
2019,spring,CSC320,
2019,spring,CSC322,
2019,spring,CSC349A,
2019,spring,CSC350,
2019,spring,CSC355,
2019,spring,CSC360,
2019,spring,CSC361,
2019,spring,CSC370,
2019,spring,CSC429,
2019,spring,CSC460,
2019,spring,CSC467,
2019,spring,CSC511,
2019,spring,CSC529,
2019,spring,CSC560,
2019,spring,CSC567,
2019,spring,CSC595,
2019,spring,CSC597,
2019,spring,CSC598,
2019,spring,CSC599,
2019,spring,CSC693,
2019,spring,CSC699,
2019,spring,ECE300,
2019,spring,ECE310,
2019,spring,ECE320,
2019,spring,ECE330,
2019,spring,ECE340,
2019,spring,ECE360,
2019,spring,ECE420,
2019,spring,ECE435,
2019,spring,ECE441,
2019,spring,ECE449,
2019,spring,ECE453,
2019,spring,ECE455,
2019,spring,ECE457,
2019,spring,ECE458,
2019,spring,ECE459,
2019,spring,ECE460,
2019,spring,ECE471,
2019,spring,ECE482,
2019,spring,ECE483,
2019,spring,ECE485,
2019,spring,ECE488,
2019,spring,ECE522,
2019,spring,ECE534,
2019,spring,ECE535,
2019,spring,ECE536,
2019,spring,ECE543,
2019,spring,ECE545,
2019,spring,ECE553,
2019,spring,ECE567,
2019,spring,ECE573,
2019,spring,ECE574,
2019,spring,ECE583,
2019,spring,ECE591,
2019,spring,SENG265,
2019,spring,SENG310,
2019,spring,SENG321,
2019,spring,SENG371,
2019,spring,SENG401,
2019,spring,SENG460,
2019,spring,SENG468,
2019,spring,SENG474,
2019,summer,CSC106,
2019,summer,CSC110,
2019,summer,CSC115,
2019,summer,CSC225,
2019,summer,CSC226,
2019,summer,CSC230,
2019,summer,CSC320,
2019,summer,CSC370,
2019,summer,CSC426,
2019,summer,CSC462,
2019,summer,CSC526,
2019,summer,CSC562,
2019,summer,ECE216,
2019,summer,ECE220,
2019,summer,ECE242,
2019,summer,ECE250,
2019,summer,ECE260,
2019,summer,ECE299,
2019,summer,ECE310,
2019,summer,ECE403,
2019,summer,ECE404,
2019,summer,ECE410,
2019,summer,ECE412,
2019,summer,ECE417,
2019,summer,ECE434,
2019,summer,ECE450,
2019,summer,ECE452,
2019,summer,ECE456,
2019,summer,ECE466,
2019,summer,ECE470,
2019,summer,ECE499,
2019,summer,ECE503,
2019,summer,ECE509,
2019,summer,ECE512,
2019,summer,ECE517,
2019,summer,ECE547,
2019,summer,ECE568,
2019,summer,ECE570,
2019,summer,ECE572,
2019,summer,ECE592B,
2019,summer,ECE597,
2019,summer,ECE598,
2019,summer,ECE599,
2019,summer,ECE609,
2019,summer,ECE693,
2019,summer,ECE699,
2019,fall,SENG265,
2019,fall,SENG275,
2019,fall,SENG321,
2019,fall,SENG350,
2019,fall,SENG360,
2019,fall,SENG474,
2020,summer,CSC110,
2020,summer,CSC115,
2020,summer,CSC225,
2020,summer,CSC226,
2020,summer,CSC230,
2020,summer,CSC320,
2020,summer,CSC355,
2020,summer,CSC360,
2020,summer,CSC370,
2020,summer,CSC462,
2020,summer,CSC503,
2020,summer,CSC562,
2020,summer,CSC597,
2020,summer,CSC598,
2020,summer,CSC599,
2020,summer,CSC693,
2020,summer,CSC699,
2020,summer,ECE216,
2020,summer,ECE220,
2020,summer,ECE242,
2020,summer,ECE250,
2020,summer,ECE260,
2020,summer,ECE299,
2020,summer,ECE310,
2020,summer,ECE403,
2020,summer,ECE404,
2020,summer,ECE410,
2020,summer,ECE448,
2020,summer,ECE450,
2020,summer,ECE456,
2020,summer,ECE466,
2020,summer,ECE470,
2020,summer,ECE481,
2020,summer,ECE499,
2020,summer,ECE503,
2020,summer,ECE509,
2020,summer,ECE512,
2020,summer,ECE537,
2020,summer,ECE548,
2020,summer,ECE568,
2020,summer,ECE570,
2020,summer,ECE572,
2020,summer,ECE581,
2020,summer,ECE590,
2020,summer,ECE592B,
2020,summer,ECE597,
2020,summer,ECE598,
2020,summer,ECE599,
2020,summer,ECE609,
2020,summer,ECE693,
2020,summer,ECE699,
2020,fall,CSC100,
2020,fall,CSC106,
2020,fall,CSC110,
2020,fall,CSC111,
2020,fall,CSC115,
2020,fall,CSC116,
2020,fall,CSC225,
2020,fall,CSC226,
2020,fall,CSC230,
2020,fall,CSC320,
2020,fall,CSC349A,
2020,fall,CSC355,
2020,fall,CSC360,
2020,fall,CSC361,
2020,fall,CSC370,
2020,fall,CSC375,
2020,fall,CSC421,
2020,fall,CSC425,
2020,fall,CSC446,
2020,fall,CSC463,
2020,fall,CSC473,
2020,fall,CSC475,
2020,fall,CSC501,
2020,fall,CSC520,
2020,fall,CSC546,
2020,fall,CSC569,
2020,fall,CSC597,
2020,fall,CSC598,
2020,fall,CSC599,
2020,fall,CSC693,
2020,fall,CSC699,
2020,fall,SENG265,
2020,fall,SENG275,
2020,fall,SENG310,
2020,fall,SENG330,
2020,fall,SENG350,
2020,fall,SENG360,
2021,spring,ECE255,
2021,spring,ECE300,
2021,spring,ECE310,
2021,spring,ECE320,
2021,spring,ECE330,
2021,spring,ECE340,
2021,spring,ECE360,
2021,spring,ECE420,
2021,spring,ECE427,
2021,spring,ECE435,
2021,spring,ECE449,
2021,spring,ECE453,
2021,spring,ECE455,
2021,spring,ECE457,
2021,spring,ECE458,
2021,spring,ECE459,
2021,spring,ECE460,
2021,spring,ECE471,
2021,spring,ECE482,
2021,spring,ECE483,
2021,spring,ECE485,
2021,spring,ECE488,
2021,spring,ECE499,
2021,spring,ECE515,
2021,spring,ECE522,
2021,spring,ECE525,
2021,spring,ECE527,
2021,spring,ECE534,
2021,spring,ECE535,
2021,spring,ECE536,
2021,spring,ECE545,
2021,spring,ECE553,
2021,spring,ECE567,
2021,spring,ECE573,
2021,spring,ECE574,
2021,spring,ECE583,
2021,spring,ECE591,
2021,spring,ECE592A,
2021,spring,SENG265,
2021,spring,SENG275,
2021,spring,SENG321,
2021,spring,SENG371,
2021,spring,SENG401,
2021,spring,SENG411,
2021,spring,SENG460,
2021,spring,SENG468,
2021,spring,SENG474,
2021,spring,SENG499,
2021,spring,CSC105,
2021,spring,CSC106,
2021,spring,CSC110,
2021,spring,CSC111,
2021,spring,CSC115,
2021,spring,CSC225,
2021,spring,CSC226,
2021,spring,CSC230,
2021,spring,CSC305,
2021,spring,CSC320,
2021,spring,CSC330,
2021,spring,CSC349A,
2021,spring,CSC360,
2021,spring,CSC361,
2021,spring,CSC370,
2021,spring,CSC423,
2021,spring,CSC429,
2021,spring,CSC460,
2021,spring,CSC466,
2021,spring,CSC502,
2021,spring,CSC503,
2021,spring,CSC511,
2021,spring,CSC523,
2021,spring,CSC525,
2021,spring,CSC529,
2021,spring,CSC560,
2021,spring,CSC579,
2021,spring,CSC595,
2021,spring,CSC597,
2021,spring,CSC598,
2021,spring,CSC599,
2021,spring,CSC693,
2021,spring,CSC699,
2021,fall,ECE216,
2021,fall,ECE241,
2021,fall,ECE250,
2021,fall,ECE255,
2021,fall,ECE260,
2021,fall,ECE335,
2021,fall,ECE350,
2021,fall,ECE355,
2021,fall,ECE356,
2021,fall,ECE360,
2021,fall,ECE365,
2021,fall,ECE370,
2021,fall,ECE380,
2021,fall,ECE399,
2021,fall,ECE403,
2021,fall,ECE463,
2021,fall,ECE503,
2021,fall,ECE514,
2021,fall,ECE515,
2021,fall,ECE592A,
2021,fall,SENG265,
2021,fall,SENG310,
2022,spring,CSC105,
2022,spring,CSC106,
2022,spring,CSC110,
2022,spring,CSC111,
2022,spring,CSC115,
2022,spring,CSC130,
2022,spring,CSC225,
2022,spring,CSC226,
2022,spring,CSC230,
2022,spring,CSC305,
2022,spring,CSC320,
2022,spring,CSC330,
2022,spring,CSC349A,
2022,spring,CSC360,
2022,spring,CSC361,
2022,spring,CSC370,
2022,spring,CSC421,
2022,spring,CSC423,
2022,spring,CSC460,
2022,spring,CSC466,
2022,spring,CSC475,
2022,spring,CSC502,
2022,spring,CSC503,
2022,spring,CSC523,
2022,spring,CSC560,
2022,spring,CSC575,
2022,spring,CSC579,
2022,spring,CSC595,
2022,spring,CSC597,
2022,spring,CSC598,
2022,spring,CSC599,
2022,spring,CSC693,
2022,spring,CSC699,
2022,spring,ECE300,
2022,spring,ECE310,
2022,spring,ECE320,
2022,spring,ECE330,
2022,spring,ECE340,
2022,spring,ECE360,
2022,spring,ECE402,
2022,spring,ECE405,
2022,spring,ECE420,
2022,spring,ECE426,
2022,spring,ECE427,
2022,spring,ECE434,
2022,spring,ECE453,
2022,spring,ECE455,
2022,spring,ECE458,
2022,spring,ECE459,
2022,spring,ECE460,
2022,spring,ECE471,
2022,spring,ECE482,
2022,spring,ECE485,
2022,spring,ECE488,
2022,spring,ECE511,
2022,spring,ECE522,
2022,spring,ECE526,
2022,spring,ECE527,
2022,spring,ECE534,
2022,spring,ECE535,
2022,spring,ECE536,
2022,spring,ECE545,
2022,spring,ECE567,
2022,spring,ECE573,
2022,spring,ECE574,
2022,spring,ECE591,
2022,spring,ECE592A,
2022,spring,SENG265,
2022,spring,SENG275,
2022,spring,SENG321,
2022,spring,SENG371,
2022,spring,SENG401,
2022,spring,SENG460,
2022,spring,SENG468,
2022,spring,SENG474,
2022,summer,CSC110,
2022,summer,CSC115,
2022,summer,CSC130,
2022,summer,CSC225,
2022,summer,CSC226,
2022,summer,CSC230,
2022,summer,CSC320,
2022,summer,CSC360,
2022,summer,CSC370,
2022,summer,CSC445,
2022,summer,CSC503,
2022,summer,CSC545,
2022,summer,CSC597,
2022,summer,CSC598,
2022,summer,CSC599,
2022,summer,CSC693,
2022,summer,CSC699,
2022,summer,ECE216,
2022,summer,ECE220,
2022,summer,ECE242,
2022,summer,ECE250,
2022,summer,ECE260,
2022,summer,ECE299,
2022,summer,ECE310,
2022,summer,ECE403,
2022,summer,ECE410,
2022,summer,ECE441,
2022,summer,ECE450,
2022,summer,ECE456,
2022,summer,ECE470,
2022,summer,ECE481,
2022,summer,ECE499,
2022,summer,ECE509,
2022,summer,ECE512,
2022,summer,ECE537,
2022,summer,ECE543,
2022,summer,ECE570,
2022,summer,ECE572,
2022,summer,ECE592B,
2022,summer,ECE597,
2022,summer,ECE598,
2022,summer,ECE599,
2022,summer,ECE609,
2022,summer,ECE693,
2022,summer,ECE699,
2022,summer,SENG265,
2022,summer,SENG275,
2022,summer,SENG310,
2022,summer,SENG426,
2022,summer,SENG440,
2022,summer,SENG474,
2022,summer,SENG475,
2022,summer,SENG499,
